name,email,company,industry,title,city
Alice Vance,alice@vancetech.io,Vance Tech,Tech Startup,CTO,San Francisco
Bob Harrison,bob@harrisonhealth.com,Harrison Health,Healthcare,Director of Operations,Boston
Charlie Miller,charlie@millercreative.co,Miller Creative,Marketing Agency,CEO,New York
Diana Prince,diana@olympusbio.com,Olympus BioTech,Healthcare,Chief Scientific Officer,Austin
Ethan Hunt,ethan@imftech.io,IMF Security Solutions,Tech Startup,VP of Engineering,Seattle
Fiona Gallagher,fiona@gallagherad.com,Gallagher Ad Group,Marketing Agency,Creative Director,Chicago
George Stark,george@starkmedical.com,Stark Medical Devices,Healthcare,VP of Procurement,Boston
Hannah Abbott,hannah@abbottmedia.agency,Abbott Media,Marketing Agency,Director of Growth,New York
Ian Malcolm,ian@dinosoftware.io,Dino Software,Tech Startup,Founder & CEO,San Francisco
Julia Roberts,julia@robertswellness.com,Roberts Wellness Corp,Healthcare,VP of Human Resources,Austin
